vid_id,is_turkey
pyKh38FXD3E,1.9284074e-05
THhP1idrWXA,4.5187485e-06
jsw3T6GY2Nw,0.036517583
nFkXTMHcjMU,0.00348082
Au8g9kAlrLQ,0.85947794
tgk3DUpRI-w,0.012474694
BczNwyCGlH4,0.0034442947
zB5eXpmJDTM,2.0672019e-06
099z8epFcfc,0.9997372
lQ8DMnq415o,0.99890745
GQiufwoajWs,1.0
INo_-jgqN8k,0.9982487
hYRPxAli0qQ,2.8053208e-05
3Gz_nevdXMw,0.7835263
pRTdKKDW-eA,0.00015515744
Bea4YfWKAgY,0.0013828672
De-ZGbFCAes,0.9995509
bWb7maOK2N4,0.025422003
3yShrSi_g2I,0.0034254147
nUG2f3kzojI,0.9910739
98MOYVfyKy4,1.1415798e-07
DntcoNVqEsQ,0.0063254773
t_acOLqB9ZA,3.4984248e-06
Di9E2EwpD_Y,0.91954297
AMrMa379dY0,1.3424904e-05
phWfXmcDeRw,0.0009543025
AyACodY0hek,5.7168477e-06
U3YigFH5bMs,0.0006642909
sLHYvqfduwU,0.04945818
xfGXhVboW9U,0.9996213
GyjR5V0Sj94,0.00034004642
FcyOVSjbUEM,0.9458793
NhKRCuCg0-g,0.99998
B_BlG6QhyCI,0.7977101
CjPlMp0ToQc,0.5509039
A5Ka8Yaonr8,0.002416145
KJhk0LgrjeE,0.0075033833
heJYXuYA5Cc,0.99790907
GFeMt2veznA,0.9999894
mJo_u5KPNMM,2.6895972e-05
ZdnL9LMvJBw,0.10077623
lrOISIMtHXg,0.30947113
31apnEcdIQc,0.99844426
sO0LPs5WtBo,0.6196072
lqeHb_00T1A,0.00015244908
dPmqNGO-r44,0.98267144
8hxuHS7nEwk,0.9895308
TDNnNmgqhNI,0.19110143
D-j1bgH3Wyg,0.030528178
xvxZQDfQblA,0.14702475
FDHIsDKSXlc,0.9993611
i_ER8O87unM,0.9999945
nwEkhvUErao,0.0004991888
CEp4vODphO0,0.9815169
LTuFpwlB-T0,0.0013220614
kcVZrmJVApc,0.9732329
QvLvRJUUiQE,1.0
4Il_1KO7OKw,4.7507496e-05
SCV6o1mfDOY,0.006693285
Iqg21fWbKeI,0.39057285
DH-cwvd2VSg,0.53127265
oDQb7qZsz6o,0.0014856799
ApdF9IbnQj8,0.0009056377
l7wdJtEJrRc,0.9994312
LLsKr1v6uE8,0.0006647577
SY3Ygqki2gY,0.998898
p95rtHcQ528,0.038084198
1GYfkje0--U,0.9999976
8fF7rdKKDR8,8.592327e-05
7Xq4CPPbv9k,0.854453
ktbMfk3tzqY,0.0013706373
ebJqGsZAfJs,0.9999275
uIhCgzZzndE,0.84733635
PDjJILVcNGQ,0.042867757
YKTAXQzbWzw,0.0027418544
fKZ3q6ct1uY,0.93471426
1HEVToMSVwA,0.9998578
LG7XGMqy8D8,0.01472687
c3k--UetrVY,0.99979573
BvMTHWZtpdw,0.0014574461
VPWDdoixoVI,0.0034162367
mcGkciLmutQ,0.08747803
KyvUAhCgn4M,0.9980342
xfwe0Xtz9_E,0.9981724
cxkCPSXyT-Y,0.9934135
d5qR0aff0Kk,0.19259891
APV65gMZT18,0.971411
lTN3L_6_YeM,0.04156378
D_TkPLA9f2s,0.010848018
aCo2by5QPDM,0.9886805
ItJ_voFKxVY,0.99950314
RbVtm-unojc,0.010788343
nbtyzsRecK0,0.0036512776
6T6P0S7B75o,5.6450164e-05
3T00Vj88Mqw,0.0006463505
uGeQQjHBHgs,0.0029389425
hSMmYRRe5ng,0.88831294
X_JUmtbYjfE,0.9947855
fbWtQ2GWKDk,0.24082571
1dH-lZ8TNLU,0.9999554
PMVia-zf_3I,0.99997723
JviwO9Zj7OU,0.08762289
G6HAixRtRKA,0.9999999
tXsDL6DpBYM,0.03677885
DbHZZt5lRy0,0.28607363
Bjf6zcZXTCY,0.04581058
Pz8w3ZDCD3w,0.9839532
Z8-hoaD2zN4,0.00012500868
ZiLrtELgMMY,0.15626325
NryjtBZZIHs,1.9347053e-05
bzjimtt3rGk,0.90374696
mVRE2rICraI,5.3314056e-05
wsVx_nQXv3c,0.004767698
Dxhl3YQ0d7A,0.16720736
9si5vOH8bJU,0.001144506
TRlqJ1JJylc,0.9999881
oowTjWgAi4A,0.99989724
Ui1oGt8MlJA,6.202488e-05
fIXziy4uYao,0.22509442
ddbIpqxNADc,0.92949635
X8LsD1x5Ot8,0.999985
HAS6G7Uq4Oc,0.99999213
hOT8MRkReAM,0.9982951
q84yP8KZGhw,0.9999987
GJC2EcC73vs,0.0016137172
DLLWOFquoB0,3.3501066e-05
FL_v2PhMd9Y,0.5176108
6PD-aHrl0ME,3.0259296e-05
3HqpH4c_kn8,0.99340045
IH0Hswbh7KA,0.6533885
ZD1RKeEkKmI,0.012656068
_JkYH257o2c,0.99960274
KXINjeZKQ6Q,0.99573094
Q3xRKT6koZU,0.9823627
BTTJ9-MRcYU,0.99995136
bv-D6HE5lIs,0.012754396
UBnuXvoVclc,0.09925864
hLV0CNMNm_g,0.00086177466
E0CaC-gyAuo,0.04312659
tXt1qr-rE7U,0.11665907
hwa8-_avXeU,0.0017852426
JTI3fR5ipko,0.9999976
C4lC-fS1_aA,0.1001294
4Fq83h_zrFY,0.04162041
c3ksYeOPU4I,0.99963915
t9MMldUrBag,5.257729e-07
r6hA0ZG76_4,6.2196945e-05
uqvAwXNZrsA,0.06503188
0JmwhBQgF2k,0.99982244
UxDEeFutnw0,0.99782676
eR3r2cnzb1g,5.3069158e-05
lkeAY5br9E4,0.0031246555
Sx2O_jKPQ-4,0.41888285
K51wC0WjvJs,0.96973854
6jeKcfkacNA,0.99988306
PgiVYe0HbNg,0.00041038782
8kkYR1s6r8E,0.0029201964
4QD-qgn9Z6w,0.8872616
5TOCsNGJ_FE,0.0028666963
PIYGqo2AOGg,0.37567273
TM9rc0zFmTc,7.847792e-05
AfkrehNyBXU,0.002987934
bnJP3pWTgyg,0.99775165
ZYze8q72FT8,0.0028565542
2m3lcde7WNI,0.0003095445
0nfvljVJo14,0.11714823
FKChDiQQ6uo,0.98421395
zOkH1PgKlnk,0.0029046999
sIumcUApZN0,0.2929514
tZSBFkTrfPo,0.99947304
gnUtSG7wD4U,0.0033284712
s81NFqjqYis,0.9998055
tlrbGBZJFi4,0.40754065
--sIMPsphRI,0.89799464
eORQVKEEP-I,0.0072960164
ERr5MnuOy4E,0.002924081
ju1sNgklH2M,0.0060159983
B1OYsV_Y85Q,0.41834283
XPD0WgFfzXA,0.0001792531
BF7sh0Ugn-8,0.00015956175
ng6q1klBoSk,0.00047714403
Uu3aYu8h8KY,0.05641154
5id-y8MCVH8,0.99970067
d0VnBP36O9w,0.034303825
K5v8nJ7_A4Y,0.9995896
JXuT6EkFcoU,0.09141733
6Tv6Fl3zeHM,0.8958577
Sgo3iJvWzaE,0.065109506
N3KLEZQa4h4,0.95962006
slFRHUHoadw,0.997834
JPAQdPvP2dI,0.03247976
IB1Ryi-SA6g,0.5122113
tA0tFeiW0DI,1.0
jLTxmaVmVSc,9.412554e-06
fhDrZf9QZOk,0.13103513
Vj5bi80uPuY,0.984356
-2TDIQvBy6s,0.9999081
SxThhN6OH9g,0.96905375
p0spFPUQ6wI,0.0011691421
PHlxk8gVbzA,0.9981529
4bkhAlgw-44,4.3005723e-05
BqTAW7c8QlE,0.9734596
1U32Qq3w8S0,0.98851275
WaRNp7DL-mc,8.362308e-06
Y_y9SQ7U6Kc,7.809405e-05
5xWN3hFGfxg,0.99967515
hAukn8dWZ2M,0.021385733
nVpU4g6jWu8,0.46051568
7hzbwHgtOaY,0.79679984
grcTexblerg,2.0808136e-05
t7TzRna5fS4,0.00033305708
j8UVfQjK9Tg,0.00019323362
YudutNqoRWQ,0.017078783
6LRQ3IAn5uk,4.5725777e-05
ARwr6Uyq9lk,0.101226345
z-ZsxyWX8qs,0.9985446
7xI6rK0Siv4,0.067021616
E8pqau9WdT8,0.005405326
UO5G1J06PKg,0.93304676
SqTd3KJndFY,0.09400567
kD090VcrKjI,0.0066761407
5HrA9jB7zrU,0.00496355
zAyqw9x3Bp8,1.0
_YIr1VrAZIU,0.02541709
c4_AaYfdxMI,1.698931e-05
OAv8M6JffT0,0.0003876245
v3h_4fbY8SI,0.0008598279
g_Z2w6mvjbA,0.050438967
KWX9cmLH6NI,0.99999845
Rx55i0IvDoM,0.00080708397
uZkDsB1blm4,2.7795168e-05
7cQgkB5dilE,0.0003974417
lLdaRlWf2GU,0.99715984
aOwuwy7VZKE,6.8853486e-05
LzxWO9WEgNg,0.9930703
8HAXIPzqpOg,0.99960953
cuBsjHHg5jE,0.042230632
Gm9mhMg5fys,0.90381104
gN3_uXTUbNw,0.8455593
o11EnyVjT3s,0.3634242
Klhc6APAS7A,0.9998411
4hCbu731GqA,0.0031314672
TWXTQWx3q-s,0.0030357651
c0CcqlqwyRI,0.99991965
NcONXUDh5Vo,0.00028373563
DrI_lsVHdIU,0.00025143096
1PzuHLQzyfQ,1.0
YcgL5Pz5BSA,0.034450043
acr9RUaO2io,0.00016549838
ooQEv0TkgnU,0.0018234296
CTIbTg9FQks,0.0012305985
AGRcfesAhDI,0.0025827892
J3GKypR2a7E,0.99959475
JLO6Bn_L3pA,0.99992335
W13DqrxBm9s,0.017738152
oGgoiKCyeH8,0.99684346
F4zFH99tQkw,0.83144647
egChkSgroA4,0.9997118
xWs3njVJ9Zw,0.0011512504
DJC1vdVJUn4,0.07096509
ZSjJ0Wop4m0,0.022069747
k2ehUNirfP0,3.4130502e-05
i3cQ0amXtCw,0.0012960624
ScNLWuogqpI,0.9967445
WCeiVNDg4pY,3.1624088e-05
zMTikzGfrws,0.007263424
0Mu7Q66ojvY,0.00424232
ZLSBdvmtuLM,0.99999964
DK1i1jKd0l8,0.9976956
ETOorNNFxFw,0.031107564
RTPvz6DEWXc,0.057358254
sKglR9n1aFg,0.00022078416
tcli3RyxCsc,0.000114848255
bpDicRIWZH4,0.99957603
2cIiXSCDTlw,0.0017313838
Pk8W4jz9kPs,0.0019010088
ehhMjlXEkNA,0.99997294
-0fOTY1jBhQ,0.8923231
SbThlufJzp4,0.995568
J5sSgdJIU5g,0.69886255
DDzZsupfFbk,0.00023108392
dKR01PEdsN4,0.21973558
hTnQNEYSrAE,5.898099e-05
UqpgzTeqZUU,3.7756552e-05
ubt4wZTuWvw,0.004918411
aRZMQEFsvek,0.99998057
MY3NZD4F2us,0.99999774
37ey8VFjqX0,0.9954058
1neC7OSHueA,0.0008511052
WXq3kj6Av-A,0.00038248167
YU1T92otSY0,0.19186865
wDPhumUQLIo,0.0312988
-hlEMlNWUPg,0.08400489
qXQb2pOtOrY,0.0027757487
TaMyZBtIbls,1.1545012e-05
IEpswDTC1CA,0.9999479
qyBYm0gQ02w,0.99097353
AtiDw5r8sYA,0.99904436
ZU-zJHTAUt8,0.99997175
0MYkf5Kw78s,0.96109927
y8WZHaNzyxg,0.09938036
i6NCYLRcB3c,0.9982932
4gzbc0BReek,0.9464589
lVNuPwIXlRE,0.99942195
tqMZ7xMB5AU,5.673095e-06
B2T7zDpOBKw,0.9911543
6Ch2m_uN1cg,0.9999261
lpwx62dVdjc,8.38486e-06
KZvdxCXpMcY,0.00028387306
Yb2Gk-EeKUs,0.999253
ILXnLrVlySY,7.7798664e-05
qwRE6uoA1ZY,0.00043083544
CiPkt1ekb_E,0.9952968
ITTlr3peK38,0.01684072
s8oh4kDYt3E,4.585376e-05
5cjYO9272BY,0.9999722
WcmqC_52404,0.0030469934
nxYQfmxiF-8,0.038017746
mzKUqN4vH3k,1.3807461e-05
vbjKftKNUv0,0.006575104
oLPMHyDKQnQ,0.00021338543
7o2eDzobS3s,0.00016754615
4jDqaqqvLVQ,0.97756267
OXwG4LoZ3CM,0.9994492
5-Eu5QrzGag,0.00019084338
E7yWNxBA0NY,7.169326e-06
0ccK49fwj1o,0.9660801
EcSUGDDLKqo,5.294524e-06
qkXBnjfbIR0,0.99994445
qy3LAwRuo6k,0.9998354
mXVEv8g2y8o,0.99714464
Z1zOTX3uKcw,0.014156905
BTyukY7Tb-U,0.00014503556
_Ya9PYJRLmU,0.49959013
uM2D-7BcDPY,0.004241666
iaskbAjwh4w,0.73244995
v_MHmB23Qes,0.996549
FjEhvn-gzS8,0.28421742
9-zp7DOUSa4,0.7473567
GcVPsstt6lQ,0.96698195
76kVWkYoaKc,5.5426617e-06
xswGyvlMvJQ,7.2030507e-06
CWk_lxDRXZg,0.16017032
nhBOCaPnrE0,0.0133769745
UvZq4ApsVNo,0.98411036
KwV6rzffSLo,0.9962404
oUlNqkYKRmA,5.446552e-05
ZatGvtKsLPI,0.0014950751
32Xc593-NII,0.08745403
ctp5OzU0I4c,0.99988365
hcfj5h_bGWI,0.013563419
NrrbHWpROFM,2.1256932e-05
iMSMvQWI2P4,0.03019522
wFftnwMmMiA,0.99985814
4WpbCiW4YZ0,0.9999769
XTm2n99n6aM,0.0036798425
6TKsKTkl9jA,0.0046823826
OxbHUMFOxnk,0.0034679342
pYrPT2l-CQM,0.03010003
U-_urtiBVvQ,0.9944634
cjwLaIZUw4o,0.0576415
C6stse_AFpQ,0.9949778
fqC3qK22QZg,0.9976178
vViUmqUrww8,0.99681205
FxhFiPaJdFY,0.66104007
j5KYXEYkoPA,9.6750024e-05
2GfCAtKutOA,0.9930727
7pPocr-Pfto,0.0010775939
XrdUXZ1icBc,0.9347427
AH2YEmKENLk,0.012812352
259QGi4PNAc,0.57212216
hOfRuSw28l4,0.0034644012
4ymnL9Y1A9Y,2.618655e-06
EOzdp31eHtc,0.0055580707
VkQxJl99gfg,0.99688053
WlUSFD1qM_Y,0.99819416
4eOIP-P4HXQ,0.00030347295
i1Ppn7Zq_zc,0.051077653
kmvs4OZDqFM,4.567958e-05
cUWjUGy_y0M,0.00013270263
U6eIWvDKllk,0.17638057
7CyRRHgz9E4,0.5864098
gQby3qzwwQw,0.9953793
-RRJMkzuqlQ,0.00083282305
c7XLVNd99fU,0.0011287965
ofcOcZ4a99U,7.0431226e-05
ql3B5vv-B-g,0.9999404
5eihlm59U4Q,0.0024486785
qDV4D9cqmAA,0.006702761
Urx-eh-6YLg,0.00044520738
pcSMEG5Wdqg,0.07524209
hN7T9y4m3qg,0.7978892
krkLDF073_k,0.9606355
CrWiG7dvZIg,0.04499023
iaGeGqCEsJI,0.010972041
Y2s64LfemLc,0.34787387
toUZY1lkDKc,0.0045001716
aT3b4INWCAo,0.14971243
zyYa2-HKxDE,0.97581613
RhJr22ddzPM,0.9998808
Rl8gLsg7d_0,0.00033925037
JyqYZ-UTG7w,0.1727973
UxcXLU1xnw4,0.9937635
_8TpsohGbQQ,0.0001413143
VKvB5dwL9Qg,0.9763781
n98PCxRsvwE,0.9997241
EQTeF8RWoMg,0.99938905
LzHKfeV8_IE,0.99998033
bUTY_c6S3VI,0.00011735564
M5ZRPPe34R0,0.21272707
R3SiRmZLFhc,0.06673122
tPbEeh6nzLg,0.9998367
2FGfxOMZoK4,0.18565959
FyrUn8i_pH8,0.00031680244
Rfv4A38BkcY,0.4575962
8oYnpbB4HsE,0.97146714
K3r7NucjGTE,0.9831539
OTSNSA1XO1E,0.14459807
c9-ilanl8dg,0.18053816
dfD7GGotexs,0.99998665
Mrs-siZmviU,0.015952189
89AAdV4lkag,0.99984765
zy1pgd3eIOk,0.009282491
4oliV6d_kN4,0.0006154672
EIR2KR7Qt2k,0.003420148
g-t2t6oBmrI,0.0058452366
GnlIJBRz3JI,0.00020205256
Auc5nWhuA8Q,0.012299564
maUHK05OFy0,0.9996722
mhfbL1nF32g,0.15346223
C8I8uxb1Veo,0.00012789265
Z-gZSzl9uX0,0.8918401
EodzL5d9A78,0.9999707
D_fChPuvQnM,0.00020808756
BqBRvhsVNKM,0.7701485
OvJ8Cgu-xbY,0.00035910873
1LknL4xMO3M,0.0013514528
nZ-9wCYr698,0.00013234866
S-NJ5GMSmvc,0.0071511874
ub1tbOjpSvs,0.5936636
kPeuZwlaSkY,2.0811939e-07
d3nNOkKIBbQ,0.0010239151
TIX77_ZSboY,0.71140075
Wfzv-cabWLU,0.0021660517
UrEcuHTzO3A,0.21369796
flJI_IW5-jM,0.0029619527
Y9d_QPFIyWE,0.9970054
up_pFUwhlOU,8.26489e-05
rz-K_ts17Oc,0.9999306
hq5YMyeny84,0.006470959
_Yl5QJ5FbMU,0.9914663
L4UMBsZwk-Q,0.00015232687
c0-asX2FuPk,0.03375068
l9yKYfvWMB4,0.9999603
VFKg_VX0nf8,0.9997428
-l1eztcQKAw,0.00057588785
9R4qwSl7u2A,0.99543506
OpaVr92qexM,0.98248196
Yxp6ClbMlhE,1.3381433e-06
t8aqk9cM-FQ,1.9431167e-05
70oARHTT63c,0.7361901
Fihamhv6TJo,0.00044614624
FHkt1s21eVA,0.0027747576
onNydeX34wk,0.9477455
THSEWtET5cQ,0.9377931
C3b8jerdX2A,0.99037886
wAFz-WuuJ4o,0.9894782
oMmqKfmiDC0,0.033020463
YEJ38Kh27N4,0.101431146
g2Fq2-zUaO4,0.27216053
bdCPo2GAXSE,0.97567266
IN2OKigCe8c,0.9998211
VYfk9AY59dE,1.7521848e-05
htmuNeT0_8M,0.99982315
p32OC97aNqc,0.34903422
Mtb2lUNEykI,1.596091e-05
KcWPqFhrna0,6.780807e-05
kY9d7K4MXDw,0.007801972
R-dggjvgR_w,0.9999931
Dm6_T2Atzuk,1.8586652e-05
FJmnucB-Wik,0.9924103
ObLV4-Sfkyg,0.7492145
VR-u1SD3HEs,0.9852513
P4OF57vJwUg,0.811688
eqOD_60nLOI,0.00025492182
Jwo-2ljdpXk,0.00055059063
riUy1sJqgvM,0.9999052
Xh8WqnBt8E4,0.9765528
jBG8qw_2KvE,8.850651e-06
Z4Cp4bSTwFQ,0.0132453265
iwZ28tzXKRk,0.12685058
fZpo0Y14UwU,0.0010138995
STIRV-ZBOSw,0.89721686
XuGaYYdtZEc,0.004653087
6yRsPPALSE0,0.9924966
qEGAx0gxer4,0.0003964584
en3jgnO6Pxs,0.9918773
ZkbMZSs9SkM,0.06738944
ns0EvV1hd_g,1.1076823e-05
Qpy_z8mnBBE,0.99857914
ajoJp0eo6Kk,0.35377148
KGTL8rFxk_c,0.15023258
cdhpPQr5xnU,0.9988977
AaApDRI2C1o,0.99990165
8ILx05DE7XE,0.00041080156
4UAq0hu3CA8,2.5653264e-05
Fn94fVXSch0,5.413497e-06
aHQ42pgXh6E,0.9999558
STrTdm1cUCE,0.27089193
UEfewQ0-YCM,8.181066e-05
fCOGueSYxME,0.09801902
_OOCcxvETVg,0.997509
c8iyYjvNgmo,0.058309216
GXAnvxEGiTA,0.4860013
UZdqjHxo9o0,0.9999912
zIyB8-aKSfI,0.13578624
byb8WjknZxw,0.5380595
J9ZQcJJBmj4,0.0003944611
QxzevgLLaMI,0.00012939938
X0LJpGBl0tE,0.9987847
AyTKILuAzDc,0.99972874
1QqZNlkUkN4,0.99979013
3gVPJ9R6tA8,0.062718056
Aa0FU2EIMZ4,0.99954957
LuRuBVqk61A,0.9803869
1uyZNb7V7Bs,0.14200997
Iatpqn_pV1k,0.979066
KenV2bIQf1o,0.11848014
HEYApdJDltQ,1.2992265e-05
HV8TdUaplzI,0.06304823
A0OoUDy1et4,0.9999981
bgYoWcUZmDM,0.005016302
OkA989YdFIg,0.13588431
RJ44KbKJek0,0.99977154
iDQOcUIz5PQ,0.9774594
qxgJKGq6uwA,0.15445708
wc-L04HbsvM,0.7176247
Df9PxGUwi9Q,3.7927869e-06
zFROQ9U4kuE,0.0034794637
ryLauoALvuM,0.6769583
V0JWJOp2u2Q,0.009173206
IMMwnXIhEIc,3.0335459e-05
P7BUo5gWeDE,0.9999956
hSBFPqu6kpQ,0.04552738
WTRH2JIPnd0,0.98984057
NlcoTbqLOaw,0.33063594
zFx-7l_jUPs,0.0018789038
B_VbEZndKwA,0.9999026
A89nsi8jvx0,0.9900575
qKJNKr7rXWk,0.00561184
0DPHC547TJ8,0.0014234905
_D4kTqhXfew,0.057461735
Y0-F3Q-39Sg,0.8256073
QM-II8gdFCc,0.0013202594
zI5SOz-vTZ8,0.009944933
pNOBs3c8Cz0,0.99813485
El3h3rjQdWM,0.9370366
W4zX2_hpNOU,3.0197607e-05
_4doKDSYLvs,0.98454064
zv1ySnEmWwY,0.010963454
MVDR9JeJA6o,0.9998573
CwZbOyP1ep0,7.048484e-05
XQXjJ353Yho,0.47192731
XNUFx1nSs3k,0.0016467896
B8X__kC0pjI,0.969437
CV7DLq1wN0A,0.28781235
aADZSIo4BuA,0.08420934
BzqwqyvW_wM,0.98303115
Mf5ytSQBg1A,0.8530846
Tqd7YTwQAWs,0.124432914
qIIUZUHMpao,0.0010200489
rKW8_GrRAzQ,0.027579047
13AMLEH6qXU,8.556171e-05
G_QyUROU9cE,0.014361727
FRLV9WnpnuQ,0.022332639
BCe-NWZEOVM,0.01556418
Ih7sLCzExYU,0.99280506
SL30gbU5F3I,0.024463661
35TJzkXuJ1w,4.6635512e-05
EKMXyhAK_VI,2.7610279e-06
VWRn3YRHGAM,0.0011063216
Do47Ww6pxvY,0.9991027
XwhhEtyGMzM,0.011012869
nVlmth89WQA,0.24354719
AocPl31STvQ,0.011828616
I04PFDkq0Cw,0.9999999
GMf18ghyXMY,0.00019045727
AGsqLzdDniw,0.00012654888
mrLnNUCJ34A,0.000119438904
KQ5BON0vnIU,0.99942744
gARmdkNnzGE,0.021275245
a_8hdvvXGN8,6.166924e-08
WdGkP2ID5S4,0.9997023
lpwGlmTnPTs,4.1495074e-05
DxmbqryhlGU,0.014118086
AKZrCAcK1EQ,0.92844135
uA8Q7O20utA,0.9957202
XFMoSsad3YI,0.00012443651
tqWABeEX7Bg,5.7777135e-05
E_k_YuELbYw,0.0034480186
EMw8pNpJLlA,0.009337285
pbVghRdZCxY,0.016298372
Q4bL65-Ef2g,0.99999857
LaVpG4TENr4,0.9993181
86PXZd6Qt9I,0.0062711267
B9skA5Rp2Sc,0.00024102474
hMrESrAMqk0,0.47709554
N_Hd5Ld_4Ms,1.9736086e-05
QaNfXjnGcG8,2.4567575e-05
Wtcq4hUciM0,0.13838719
frNeSUlR8ZI,0.99576014
TJrJev6Ec2o,0.00083031005
Wxa36SSZx8o,0.007813079
NzfJh_JrKHI,0.0021684305
Wq04Kly8t-w,3.325993e-05
dwemIEZ1VP4,0.9267044
YWpQDMEu2qc,0.9063297
Jq4Pt1d1ZFo,0.05869357
Lphn5qUNRoA,0.9928973
-tv06vl4t5A,1.0
luUp1v1wJoI,0.002075892
YJL4vEW0s0I,0.0002746112
3fDjNipMPEQ,0.0005070166
Fu0NCH62iVI,0.9256617
JRaTGGl71U8,0.99989617
Ujy8TOYFqb4,0.35173967
Mag1V-yRrF0,0.97358423
uu50XVcVmdc,0.017810494
P1-oIS_YByw,4.3144115e-05
GD8ojWJjv-A,0.9648649
vFlJzIeTPrs,9.253736e-05
E8LTVpTVHIU,0.9420879
AiF3tOMHqUc,1.9487583e-05
1L7xiSWQU4w,0.066778325
eQiossnV_E4,0.0037041053
_bjCXk9GP1Y,2.579055e-06
x-09y2AK5hA,0.9994654
jzSfx_iO63Y,0.0061706235
TQMQvgurnRw,0.0053650388
B9doP1IgE54,2.5785144e-05
bPatTVFJyU8,0.4037872
fQGQN4uZs5E,6.186279e-05
mSTHICFPkv8,0.0005754401
Dvap8uNqh2g,0.4589886
Lb30PEc6a70,0.009293934
9jkiIoHQ-Og,0.9998658
cY6KAjqmoaY,0.30360383
oOeikG4XSsE,1.3470857e-06
rmOLDsHfnvw,0.006401295
vzJOMUqQMPo,3.4063647e-05
tthkQZPufLk,0.67600346
MMry-wMfBkc,3.828756e-05
6xlV_D4yJDc,0.0021665918
3B0WbwAkByI,0.03330699
P--7sSuEa5k,0.999703
DiV7Z_THBpc,0.00024851094
JBsin8hJecY,0.006079559
OsvvjkfATWM,0.9999999
_NDbOte9tZY,0.00016074418
4pUiO6uQU40,0.09023227
ZXyJOxosVRo,0.91859645
dWnTyIPNI-A,0.50447285
N0Xy2WLz_9I,0.025453513
GvhlKpLarQQ,0.009267698
7FHHtRuAz0s,0.12154573
AkjSEMJ28hE,0.06424834
yBVehT0fx1U,0.029701013
QYcO_NK8gPs,0.0023347738
QMCypkZl2po,0.0006387764
F-VDKvUhuLE,0.997612
IqAuy_6ja28,0.9999987
KvCk1wsB9IA,0.00023388794
NZMncbs1FuM,0.95937663
_IjVZ50LcxE,0.0001262472
80itAq6TeMM,0.92068905
0vw9f02o1UU,0.00036748985
sNY_6diMbXs,0.002335297
vOW14j6EH70,0.95327127
t4-jusa4zPg,0.99723274
MHYfT3OaznM,0.00039919637
mn3JTlQG3Ic,0.016723111
uOu5aalETFo,0.0005209347
qjD9cE9hE5Y,0.018168556
6o_34a_o_1s,0.97458285
XVx-ocj-wJU,0.00024951666
5k6EjPymsRc,0.9999267
Nvw17Sd1lLM,0.9989428
BgKa3BtRf9s,0.99994016
Z2ktexkRb4w,0.99684393
_4HKv8Mhqyw,0.0053750197
5-2SGJBJptg,0.6432951
jwTDBf7WFDA,0.0019251773
I4asti_Iils,0.98441166
kInl1lquBpA,0.20582628
DjKIMh7V1Qg,0.83720726
41kvpjQn3fU,2.0495702e-06
Zl40BEeqlk8,2.5092428e-05
CHidPgKcFfY,0.000722711
p0jO4Dqcl54,0.9351649
VCp0lCRH7Ok,0.99958867
M6EbDwxBn_U,0.09381528
Lp6-CQJc6GU,0.0010057118
tngZDnTdpZ0,0.016220363
RJ_sTc5HSUg,0.9998889
ZomI3Zh6oOQ,0.99761486
k3j5DnOikVA,0.97078764
KZ0LNN7p0qw,0.9997429
SYW7v21e5Lk,0.0042383014
cuzhajQfvrw,0.0011621105
WWbOVIhEgUM,0.06372631
E1mDqBvQPJQ,0.9999703
1n_PXw2Q51U,0.018383645
7QGlX9E-8k8,1.0912606e-05
0IP8Gg6l5oU,0.9788602
VCPACYIYqbI,0.3664748
gHVLCrARoxk,0.9884449
7M698v3jXC0,1.1289057e-05
Pk7kwh8X45c,4.163754e-05
I7vb32VzyYU,0.9993298
m85-T4oTeMY,6.969768e-05
95MSkigqNQE,7.3603615e-06
W77s6g96F5g,0.99359894
f6eR6eLvaIg,1.0
JBT_qsKqTJM,0.06363916
6lkDEwWnwkI,0.2906494
6Pwu0YH6UhA,0.00015022009
Lw0fjxEQMnU,0.8953485
nvBGbgar9lY,8.672052e-06
IR5_Cpi79-g,0.8351056
oKuNRxVKhtE,0.99993885
UvqewMAOuTo,0.000117684765
H9nKSRtcxiY,0.99996495
PFIhrEx0IX8,0.9998946
0XNTAx0B8G0,0.8625285
9klYVZBdgWk,0.98223513
912jzpxfVAA,2.6904152e-06
TkszD5aatCA,0.45442015
Jiv5wECdVi4,0.99984133
3uGtVmyc7BQ,0.9987502
AQeTPIThMhs,0.0017263473
9gzIxXMkRuM,0.98845714
i_OQTHZmkRE,0.0003127449
variDaE3fys,0.0020580776
Kw5Lg825pM4,0.999711
iK9t1zYxPqk,0.26981506
Lu9fYcc6O14,0.00033912214
_15dlj2QVmI,5.844294e-05
pLObOvNq6pg,0.9997712
QQzwyoU2EhM,0.00029539643
Y6-EXl7Njzg,0.018987263
Aa2MuuhTthg,0.00021944415
_uwH519BK68,0.9993912
Q2bJV9GtLo0,4.650802e-06
b1uHxEAPP88,0.9980877
Mgxs9mF_m3s,0.9966537
XgSC_WM0bTU,0.9999962
NeP2FJ2Hxg4,0.012932319
TNc8ilUZlDQ,0.0010340909
ggOXK8CcEys,0.07305545
MqvjPZwcFao,0.022173809
nMNUV_8sY4c,0.9999976
KUpuig7bLwk,9.1099275e-05
NOO6gCjFV-E,0.00868576
SusfA7SpV-A,0.009042949
OS8kRX5WnSI,0.0042115543
JjMiy3Z1Yko,0.00043002795
gLzQdo7-P2k,0.00051082997
QDqBJwoQcNY,0.997821
CA4RVYgk74o,0.008700632
cBvGZZtTrdQ,0.9952394
E18MLcHBKkg,4.5757083e-06
RS8r6AkEZhw,0.9968442
4rAITKvoRKw,0.9041852
5bcG8Oif0JI,0.0032310607
j5Hv6xZP9lY,5.375984e-07
AEw2McqLRQY,0.0032304865
4urmRGK5CB4,6.282457e-06
V43D8xN6dTc,0.90681946
2sh0D-0RmWM,0.0014490023
Br2-nDM5zvY,3.4250112e-07
eNmNBEufhqY,0.007999406
tp9Ra5CTifw,0.5858641
y-buftBOpUk,0.1274896
-5MpAJy294E,0.9846066
P-r-Dzsgg10,0.011638247
LostCc3fwn4,0.26673207
fK4QBQZ6i7w,2.203798e-05
6vNi1wbY_Z8,0.0006537523
0I9RAH6HVP0,4.6807407e-05
NmdQ-AgFMQk,0.98012495
AfZntftd_1o,0.98992187
3C2Eep8qnwQ,0.9999589
3jpO9879Epo,1.1778296e-05
sK4PNV9RcR8,0.9941398
GR9DKMuctTE,0.9974394
SFMXcbyHbF0,0.6073335
dV1mCaptukw,0.36764434
bTvnntIgrVQ,0.07972821
_tP-V8l2fmA,0.9999976
u7x_dbTr5xQ,0.9685628
dK1GZ9Nd8g0,0.003763452
lryWG0dCA_4,0.9989637
PB_w_dU9J30,0.9996325
dLGETnvrxHY,0.4408967
qKo4CgvYhv0,0.9970824
o-8keSiTc88,0.997837
1OU2gF8rWxM,0.88806117
hUyeJCYfh80,0.98505753
xThlCygD5Kk,9.77346e-05
X43z-6hYpf0,0.08335291
ayIB3YflJEo,0.0005888481
whLPvsKEecI,0.9999989
jo0IIkmCdhw,0.086416505
vzIUvQLMRJU,0.00058610836
NFoKGtEhFjU,0.803725
1vglQi0k3C8,0.82956296
HunNHkOaWu0,0.999826
eexRPQwz2GM,2.018652e-05
NtrbZ19g8HE,0.86740243
deblSm0P08g,0.028431838
hlRa4F9ITjc,0.9825812
aLrGE1PXwvE,0.509246
DHD6P93Mm4o,0.007838125
wTAis2AJp9U,0.9999546
fuIWdVOdOsk,0.00046369384
EVWmue2oLm0,0.0005113291
_26yykM2lWo,0.9999993
QicVDfVRaUU,0.005590829
WVGPZHnwStQ,0.99999976
dgss8fMc3tw,0.00039509885
4rJ_JaeuhIU,0.97805995
blSUaafmRW8,0.025589399
DPWWS1X2yzg,0.006593331
gf6H7bpADJk,0.9981371
cgaIBbeRLjY,0.02035103
I27qtgBuXQQ,0.9999976
IsP7RfoZUEg,0.87815225
3xYjGPW769k,0.0029960591
Zo7ovV2mvCs,0.99789774
3HnTK0BHIyM,0.6843057
BGEyte9ik2I,0.41915107
dlgnVkYl9mI,0.00046600396
eGZ7-RiAY10,0.17512701
sZUpUoVnzWg,0.99994314
Iy7O56IBM3Y,3.069047e-06
Gzl3gFoe1MM,0.49630225
PT6hEESB-DQ,0.9999622
XJQ03t-7kik,0.20480214
_OOmbWAtLdM,0.99451655
uU8eNnrFOk0,0.0011118429
IpFYguz7cVc,0.5583229
Gl3f5RMExz4,1.1145572e-05
5oHOUKi5AYM,0.5101695
a0UzyNFnU1w,0.047403798
lnCJxuyLyE8,0.9578769
84ybXpiEzdA,0.0002255034
jkIrmOYjsNM,0.9962381
G-a28TgqUfw,0.99998116
EqCas2nGFKg,0.01362627
IzoPJx1_3sU,0.008479441
oDlUsTIC0So,0.12959875
nzEo59X-j10,0.28738675
fs5tsjrXKuY,0.526346
KvHY_StVb1g,0.082967244
kXtJ8_dpJHE,0.99986815
ttcQAwSF3_I,0.0018096183
HeLV1buhzpI,0.004869901
mTdYythI2c0,0.07262757
QKvUyOGEx4c,0.9887456
4ToZJeTagB4,0.00015029186
2yejn0jckuo,0.9982987
GO98TbfgNPI,0.0039930027
XJDq-e8g0W4,0.4726031
LuIUD6uW0x8,0.87390554
V83v6bIDwHM,0.999665
ztdlQF4TVpg,0.95095134
I5c3MhyhT6A,0.9973126
DompeRBhqOQ,0.99985886
2_LU2u8b_dQ,0.99885726
J49epYLf4ns,0.00021074837
Pv1IX-DbFD8,0.018836197
7t6E3-ogPcU,0.9858704
a72xyXbA6YI,0.0007807376
4SHO4eewUAo,0.77158225
v81LfsxVfbg,0.0069509703
yMHi4WxNK7g,9.0473004e-05
Yg8yr8pGwlE,6.129011e-06
uroP7bsdQv8,0.4316785
Km7WSrfFnf0,0.99998415
1EewlcyiBC8,0.008063689
eYzpeHI00TU,0.9131756
okMXV9aflHc,0.999959
G0lyuHArHhc,0.9999292
GKKPMkLc5q4,0.9996704
Cj0WMRrrvYk,0.00013121772
RmOTqFKcHz0,0.99996877
ZV3eYs9K72Y,0.48726127
Qwlvt9PS5vg,0.9999901
UTI_ivUz6C4,0.97194695
TxDIxdDSnWw,0.41323733
i5Z22Qw5_vc,1.8110215e-06
heCCwpa4wTI,0.00091657037
EpEeSf0TKC8,8.293675e-05
ocMUVCdMKHY,0.00016895568
_Gc3dkdnbM4,0.6369321
IaRMcAphWYM,0.00028866835
RmoVe1-FKOk,0.020372126
4td8p5X2x3g,0.00031536532
_JHC16bbkKg,0.9999708
Qjo8CLX6bjc,0.00019734414
ZvarEh5EU-k,0.99997735
iR-QM7RA-4c,1.7208533e-05
QvSoTeKT-jI,0.00030676907
guvnNwCkhcs,0.0035568126
QSSc_owx5tQ,0.0026300824
Qd3XSEMzIpE,0.019201174
LIluVun_dJk,0.9999993
LjGokr5j9rY,0.103667654
-2S0mx876C8,0.9700558
3lbiGhKoDb8,0.102576934
ee-HDPGJDR0,9.76066e-06
GEQe3d9ybrY,0.000976643
HVF8a59C8w0,0.00013023843
hwhOPfmN-R4,0.8670552
chZLeOb9DUI,0.000575379
cGIKpg3d25U,0.00047432116
XEuuMQQTms0,0.0009623703
T1AzDcJqEx0,3.9123586e-07
9Qdp4GZbyTU,0.0010209641
SEgZ753W2yA,0.07561583
xKOxKq7XFe8,0.96128255
f_PpcxH8CvQ,0.9996402
Kc79x7oWP8s,0.9938251
53f24_5o084,0.9992729
Ukkdum_jpdg,0.018365953
VcBK4S6vE4Y,0.8168878
uEVwdp3U-FQ,0.00018926537
YWG4IwPnH1g,0.9994511
JaeStFbgX8s,0.98481315
_QrBieJ_wuc,0.9336872
eFrSaQbbRFU,0.024694124
bG1M2tqygjU,6.2891013e-07
iRDym_9m2f0,9.132695e-06
xNCPE_6R4DI,0.09645889
P2nxwHshab8,0.11416972
hlgmDZhv1o8,0.99872017
Sp_p6sxQffE,0.15786277
5vpXiK2P_44,0.0028800454
kLdAj93fuCg,2.8330445e-05
cpMoLNKOL-k,0.9999949
BuSlgLoQszk,0.0025185572
LclaxuISozc,0.92257744
l_DS-zKKP4o,0.009450875
C9fzPX2IZkg,0.0020747168
pW9JI4yi16k,0.0063496768
olkiw43JFOw,0.024134746
gbPlGnBmAxo,8.637337e-05
UOQDOj-aniU,0.95530874
fV2oowttz7M,0.9988397
cH4b0yM_0pU,0.99942625
m3ea7VjRNR4,0.07573558
8vqOUie1qIQ,0.4218925
ci4EVMQaRg8,0.98981804
JrToKBsEB4c,0.26220208
FR7FDxAydrI,0.017388068
eY4HRGVRHmg,0.9999876
Go8Ba-BDRvE,0.9432986
sWGAYdGMErM,0.0009631467
nnC-y6sgcs4,0.01595597
rzrJ9wPcGDI,0.0002631854
qTu6bhYUe5E,0.038375583
xVEBVlPx7jo,0.002374154
0-nJxMuqw3Q,0.00080277026
0n277mRByWo,7.2598914e-06
ReRA0Hn3gi4,0.9999933
7DG4M4ow-bY,0.99996614
VEeKiL7VkIY,0.9999975
LtJn7wqTlHQ,0.0023048227
VxYQ_7maGQg,0.48618343
fTSYBUbQXzo,0.39782456
DX6qiEryKZw,0.9998654
lLaBlDbjcnU,0.0019413668
22n29bkaYqM,0.0065727565
1KbnIhcNDew,0.0051400843
nSKk79H0-Lw,0.9982645
AoWR0mPw6Ek,0.00025761928
fNWRvRqZGNc,0.00038029946
JwJbjka8rSw,0.9993692
ckFSnFgSJ-A,0.0018332195
PRZMVrt9jVA,0.0004124148
xwQE_69dbgQ,0.0004847472
eLZdpx0NFO8,0.99836
O4nJYLDZb_I,0.95796967
3C1IpjsyHEA,0.00035465942
Q6ayym4NCIw,0.18308815
loN1f9wHBQA,0.9999896
_guQOHmb0MI,0.9398146
3ED1Q9v2w_I,0.79459804
D19eQph1FDw,0.9997756
MMUQckEa_ME,0.9726616
80p2p3TAzHs,0.9895667
Wpmy1XWWt_w,0.07653442
68qaX3ZoZek,0.29988995
avDceNc9Sy0,0.99561995
pgxL0VwV3fE,0.97391236
RAiaRWxvaUg,0.0036568812
8W403dpynOg,0.949683
GQdlQNgGSsg,0.9999167
o5LsmKXZTCQ,0.0043578013
ciF042MLvz0,0.35134324
VammZV6t5H4,0.0017570623
HSzKX0GZmpA,0.9999337
wqRBKbE2YgI,6.4609176e-06
M_qPoaHoGC0,0.9989857
iLIR8xbxu64,2.9114743e-05
__0sM4LUoHs,0.0018261098
tHOTT_wDifg,0.00010747248
ER49MNmOo28,0.9999999
-FrxFBIUmos,0.00010204314
LsBCiA7jkHI,0.005067551
StYsz-V6Ve0,0.035615433
QZMT7FJZtRc,6.818902e-05
0aLOzAz6gkg,0.9996921
bjH-ahdq8M8,0.00011820267
zZGZwDOL-eY,0.00055579055
LpYVJLhASis,0.00013063196
0cTELQdajNY,0.9999697
MTDWCLDMOV8,0.00091705046
gT5iFIS7beo,0.006100771
6GJ1UKLZD4Y,5.055251e-05
UBw5ujeODmE,0.96917397
U3WBtmtjosk,0.9983353
aR6X4ROamM4,0.58024925
azBQiZ6wCWM,0.0006187892
c23CwGp8Swg,3.998938e-06
SU96mW7pLls,0.00043743238
SyZJuAtKOQI,0.003932115
fDa3PMveVOE,1.3799504e-06
sUa_1kq01pc,0.00031740015
c9UmVKjxnqQ,0.9962889
b4yvKU7keG8,0.639755
dA5YTkMKI9U,0.99757165
91-glMAJT-k,0.9991769
jyAVwXhbR5g,0.044672925
U2tiScLKvcU,0.0004947603
bMoqukws9mY,0.9950724
ipKCHDizaQI,0.081270166
yPXSm_gKZQU,0.0144241415
K3joq4z3Vv8,0.9688381
YIUa60aLoos,2.5982888e-05
xl6oKiMPMwY,0.00044686516
jlFiPfTHm4k,0.9998584
KHVZFbmt8xk,0.0012951443
LiUn28-JdBQ,0.9998173
Fkn-poTw_gA,0.0022163992
55JE3RkS84U,0.00077093724
ifTk_guz7no,0.23088749
knYJFn4hPeU,0.17032644
DqBKJGcmr_A,0.0026182712
IcGBLr99nYY,0.0016407055
JmOLyt5CEYQ,0.86018586
IZm6eBHBMKA,0.84919965
tT-GpykWt88,0.15802562
UJM-Sxi5RT4,0.95101345
YsGwNffAE_8,0.9999001
J-xh_0p3m0s,0.992827
e12HZJL_Om4,0.9999989
EdBBu8EFAg0,0.002161175
QDaRAVObSGM,0.9999962
unGQllAQD44,0.11712452
UxHEyYQAz8o,0.9793983
WOnLnbOPJK8,0.00017899416
THw2rWyca5g,0.9958068
G1W-rg8B0MA,1.0152516e-05
lKzu-WDSz3s,1.4440228e-05
xCdxUzq3rPU,0.0097872345
f0QgJBvfEpc,0.08208832
WA74G58qF04,0.83653814
Uj9VLoPgAJw,8.9816785e-05
fAqf-uCyT2c,0.000115646195
mFxbRpO26yc,0.0005924078
aZdgtXnRWlw,0.9957041
zGsY2GGVSao,0.0030623276
LUZQSOqla6I,2.5175528e-05
tTOWS_URkOc,0.0016965048
BX4YHnkNwxA,0.72055775
C3IPZXvIL68,0.026219226
jrDC1D1DarQ,0.979603
DLMkk4tFI_w,0.99965084
B-s47tq8MH0,0.12723188
eSXLCDwHB4Y,0.99803215
40WEUGbeZsU,0.9984856
lnpMxDc_hSc,0.9999263
k35PRqFxrqo,0.9978314
cLFSpQXS9Mw,0.00029793347
AdgsSUxv3YQ,0.000836954
pblI33b8l8o,0.00030740732
Z1epa15Pzno,0.093104236
T0o_XvH-JJs,1.5666912e-05
_hqMVjMmI3c,0.15889823
khWH1gdw1iM,0.0004230955
hf9pKuTuPcA,0.9994665
FEiIzf5hb2o,3.1622678e-06
hVOEesEabN8,0.097213864
2BTJ7AyXQBs,0.99996436
0loTD5XebiQ,0.0002529906
I32vWaVaSTk,0.9975726
YBM4aFP11fQ,0.001894018
k1KzGLorCFs,0.005349473
YM_KYGx9sxA,0.9940499
vMUneNUMi2o,0.8976403
-AYwFAcUzSo,0.000111834335
kTgap5MSkaw,0.25352255
x2nbTtb8VNA,0.031564273
g7o6edjOe_s,3.22773e-05
mHxGqJ4A_XA,0.99680185
XS2wQ4yUSgQ,4.3909886e-06
Yvpz4sG6nOU,0.00010290627
SMRIfGZ6OCA,0.9994246
-3Zm_4F5Og8,0.99999964
Wx3VU6MhsGg,0.19097106
AxbidyMn0gQ,0.0006858501
GbdZ3uD4zeU,0.99999607
FpO85aT3Ry8,0.82284415
FUrdx1km6Lw,0.009223704
xGI-5cJK_Ls,0.00011948333
H3z80CBJYRU,2.7307788e-05
T4E4YNx8Ekg,0.99983966
AVO7Xr2Dods,1.5125398e-05
7WvGef41TJA,8.8121254e-07
NxP9CfxfJxg,0.9998609
QgtMM7Evhgc,0.9996798
mo2qyrKFTEU,0.007800469
L5w_KnCFULA,0.20808649
7xWaOuBnUE4,3.56719e-06
3tlSjRtu0ZI,1.06234065e-05
2cDxkcrJeSY,0.9991473
eoNj4u9HpcM,0.014339652
imMV35JSALg,0.20357212
j37CuNVfNXU,0.001067617
reeJzVhM4Nc,0.9606455
KeprFzFcbYU,4.371369e-05
AzRqzYeJD-M,0.02563927
yA9iR8xtdJA,0.02813164
VV_FA010eOI,0.81645906
P2frakRI4Pk,0.9999231
AAV4_7YNYec,0.98061395
wzzXrjUqyrc,0.000112009155
dHwXCP-W_Go,2.6480919e-05
7ffo4AUEE6s,0.99996936
92CYiK30g7I,0.88560724
NiACTzuD2T8,0.99843186
uqxytXasHTg,0.9517592
Hjc8OYRLYx0,7.771094e-06
klsCc9vGvqs,7.6104316e-06
FEaupvKZ790,0.9779188
8MmTZYyl8gc,3.681596e-05
JKXSoVy3ZvA,0.117013894
LTWkOJrKUbM,0.99680316
v0ru8uDM3Cg,2.00661e-05
GZg01_8SYvQ,0.9767635
9DNhMZBssg4,0.9991285
BAEG3OtEf3s,0.008054121
sw1_PQt-3fE,0.010040807
PRDrFfv0eQ8,0.99999905
md7xTbR_qdY,1.566279e-05
llsW_m5TnvQ,0.0023715554
d1-AvA6W0G8,0.9904051
NkZIUOdgYh4,0.7935322
arLmZ7ZLZ0Q,0.95896626
K9dwZkoGOpg,0.00015570314
9kBvHiHHtoM,0.24772064
V1F-0D3G0wc,0.99502134
wiKQzgFGvIw,0.9972447
Yu87_wL5PrI,1.0
C1cQ9r6ioY0,0.994262
ckeykuC62Oc,0.98124266
Ri0TmUVyCLE,0.00040862412
QdMnDfOVJks,0.9995196
M1bmYMDKlrI,2.4904926e-05
UbI1zPxYmxk,1.2783914e-05
m66t_j137lw,0.9873828
Cvwyf4tOrqc,0.02989882
Zw15c9YjZ-g,3.508563e-05
JZ-Wbx5otbs,0.0004158276
8jLvFPn5iwE,0.9997782
WxG0EDS9gGA,9.774949e-06
TBZUDlM8flY,0.019227438
JwL6rUzoe6Q,0.05321757
GGa_vj__TsA,0.9983944
VI57Gxq5iBk,0.99997926
lQOQR6HCGyE,0.96609694
CqhPMjumTOA,0.47867903
Ccn2LQJc2MI,0.9999703
f6OhmrIdB-g,0.039664906
vCxGJelmAeg,0.013955606
